id,city_name,humidity,latitude,longtitude,sunset_time,surnise_time,temperature,time_of_record,wind_speed
1736266342,Gafsa,55,34.4311,8.7757,1736267401,1736231517,15.06,1736266342,4.63
1736265533,Fernana,82,36.7422,8.6626,1736267078,1736231895,8.21,1736265533,6.04
1736267875,Gafsa,55,34.4311,8.7757,1736267401,1736231517,15.06,1736267875,4.63
1736265655,Beni Kheddache,54,33.1381,10.269,1736267230,1736230971,13.32,1736265655,6.26
1736267631,Ben Arous,77,36.7134,10.2096,1736266711,1736231519,14.9,1736267631,6.17
1736265519,Bab El Jazira,67,36.8065,10.1815,1736266703,1736231540,15.99,1736265519,7.72
1736268048,Metlaoui,49,34.2744,8.4459,1736267504,1736231573,14.11,1736268048,2.86
1736265442,Fernana,82,36.7422,8.6626,1736267078,1736231895,8.21,1736265442,6.04
1736265594,Kairouan,34,35.7976,10.126,1736266872,1736231397,19.24,1736265594,3.09
1736268071,Kairouan,42,35.7976,10.126,1736266872,1736231397,18.24,1736268071,3.09
1736266128,Metlaoui,45,34.2744,8.4459,1736267504,1736231573,15.5,1736266128,4.4
1736266869,Gouvernorat de Kébili,43,33.5031,8.7757,1736267536,1736231382,16.46,1736266869,4.58
1736268319,Carthage,77,36.8473,10.3417,1736266658,1736231508,15.02,1736268319,5.14
1736268347,Tunis,77,36.8064,10.1817,1736266703,1736231540,14.99,1736268347,5.14
1736267097,Gabès,63,33.8869,10.0982,1736267163,1736231120,15.99,1736267097,5.14
1736268415,Gouvernorat de Kébili,48,33.5031,8.7757,1736267536,1736231382,15.03,1736268415,4.28
1736266801,Sfax,45,34.7396,10.76,1736266879,1736231086,20.08,1736266801,0.51
1736267930,Sbiba,78,35.4037,9.0079,1736267201,1736231606,7.23,1736267930,10.13
1736265393,Fernana,82,36.7422,8.6626,1736267078,1736231895,8.21,1736265393,6.04
1736265079,Kairouan,34,35.6712,10.0911,1736266900,1736231387,19.01,1736265079,3.09
1736265746,El Kef,75,36.1632,8.7146,1736267155,1736231792,10.35,1736265746,6.32
1736267136,Kairouan,42,35.7976,10.126,1736266872,1736231397,18.24,1736267136,3.09
1736264245,Beni Kheddache,54,33.1381,10.269,1736267230,1736230971,13.32,1736264245,6.26
1736266020,Sbiba,71,35.4037,9.0079,1736267201,1736231606,8.82,1736266020,9.9
1736267542,Gouvernorat de Gabès,48,33.8815,9.5608,1736267293,1736231248,15.22,1736267542,4.29
1736266134,Kairouan,56,35.7976,10.126,1736266872,1736231397,15.78,1736266134,9.2
1736264392,Carthage,63,36.8473,10.3417,1736266658,1736231508,17.02,1736264392,7.72
1736267002,El Kef,75,36.1632,8.7146,1736267155,1736231792,10.35,1736267002,6.32
1736267325,Bizerte,69,37.3426,9.8502,1736266698,1736231705,15.28,1736267325,11.9
1736268003,Beni Kheddache,59,33.1381,10.269,1736267230,1736230971,12.1,1736268003,5.62
1736267341,Kasserine,62,35.1677,8.8315,1736267279,1736231613,11.21,1736267341,8.34
1736266979,Sousse,59,35.8214,10.6344,1736266747,1736231279,17.79,1736266979,4.12
1736265139,Sousse,59,35.8214,10.6344,1736266747,1736231279,17.79,1736265139,4.63
1736267819,Gafsa,55,34.4311,8.7757,1736267401,1736231517,15.06,1736267819,4.63
1736264996,Bizerte,88,37.2744,9.8739,1736266703,1736231688,15,1736264996,6.69
1736266896,Sousse,59,35.8214,10.6344,1736266747,1736231279,17.79,1736266896,4.12
1736268213,Sfax,45,34.7396,10.76,1736266879,1736231086,20.08,1736268213,0.51
1736267436,Bizerte,68,37.2744,9.8739,1736266703,1736231688,14.81,1736267436,10.78
1736266990,Bizerte,68,37.2744,9.8739,1736266703,1736231688,15.25,1736266990,11.46
1736265355,Kairouan,34,35.7976,10.126,1736266872,1736231397,19.24,1736265355,3.09
1736267175,Sfax,45,34.7396,10.76,1736266879,1736231086,20.08,1736267175,0.51
1736266784,Carthage,77,36.8473,10.3417,1736266658,1736231508,15.02,1736266784,6.17
1736267018,Jendouba,77,36.4462,8.7927,1736267093,1736231817,13.97,1736267018,2.57
1736267847,Ben Arous,77,36.7134,10.2096,1736266711,1736231519,14.9,1736267847,6.17
1736267603,Gafsa,55,34.4311,8.7757,1736267401,1736231517,15.06,1736267603,4.63
1736265063,Beni Kheddache,54,33.1381,10.269,1736267230,1736230971,13.32,1736265063,6.26
1736268229,Gouvernorat de Kébili,48,33.5031,8.7757,1736267536,1736231382,15.03,1736268229,4.28
1736266229,Sfax,45,34.7396,10.76,1736266879,1736231086,17.44,1736266229,2.93
1736267587,Jendouba,77,36.4462,8.7927,1736267093,1736231817,13.97,1736267587,2.57
1736263966,Gafsa,51,34.4311,8.7757,1736267401,1736231517,16.06,1736263966,4.63
1736265404,Gabès,59,33.8869,10.0982,1736267163,1736231120,16.99,1736265404,5.66
1736265931,Gabès,59,33.8869,10.0982,1736267163,1736231120,16.99,1736265931,5.66
1736265360,Gafsa,51,34.4311,8.7757,1736267401,1736231517,16.06,1736265360,4.63
1736266846,Aryanah,77,36.8625,10.1956,1736266691,1736231546,14.97,1736266846,6.17
1736267720,Fernana,84,36.7422,8.6626,1736267078,1736231895,7.04,1736267720,4.86
1736268201,Ben Arous,77,36.7134,10.2096,1736266711,1736231519,14.9,1736268201,5.14
1736266275,Beni Kheddache,54,33.1381,10.269,1736267230,1736230971,13.32,1736266275,6.26
1736266790,Bizerte,69,37.3426,9.8502,1736266698,1736231705,15.28,1736266790,11.9
1736267480,El Kef,84,36.1632,8.7146,1736267155,1736231792,8.68,1736267480,3.67
1736265030,Gouvernorat de Kébili,43,33.5031,8.7757,1736267536,1736231382,16.46,1736265030,4.58
1736265572,Carthage,67,36.8473,10.3417,1736266658,1736231508,16.02,1736265572,7.72
1736267825,Kasserine,74,35.1677,8.8315,1736267279,1736231613,9.32,1736267825,7.42
1736267508,Gabès,63,33.8869,10.0982,1736267163,1736231120,15.99,1736267508,5.14
1736266397,El Kef,75,36.1632,8.7146,1736267155,1736231792,10.35,1736266397,6.32
1736266314,Bizerte,69,37.3426,9.8502,1736266698,1736231705,15.28,1736266314,11.9
1736266582,Kairouan,42,35.6712,10.0911,1736266900,1736231387,18.01,1736266582,3.09
1736264305,Kairouan,34,35.7976,10.126,1736266872,1736231397,19.24,1736264305,3.09
1736267330,Gafsa,55,34.4311,8.7757,1736267401,1736231517,15.06,1736267330,4.63
1736267797,Carthage,77,36.8473,10.3417,1736266658,1736231508,15.02,1736267797,6.17
1736267786,Gafsa,55,34.4311,8.7757,1736267401,1736231517,15.06,1736267786,4.63
1736267058,Jendouba,77,36.5123,8.7682,1736267088,1736231833,14.03,1736267058,2.57
1736267659,Kairouan,42,35.7976,10.126,1736266872,1736231397,18.24,1736267659,3.09
1736267102,Kairouan,42,35.7976,10.126,1736266872,1736231397,18.24,1736267102,3.09
1736266201,Sbiba,71,35.4037,9.0079,1736267201,1736231606,8.82,1736266201,9.9
1736268143,Kasserine,74,35.1677,8.8315,1736267279,1736231613,9.32,1736268143,7.42
1736264346,Gabès,59,33.8869,10.0982,1736267163,1736231120,16.99,1736264346,5.66
1736265582,Ben Arous,67,36.7134,10.2096,1736266711,1736231519,15.9,1736265582,7.72
1736268264,Beni Kheddache,59,33.1381,10.269,1736267230,1736230971,12.1,1736268264,5.62
1736265150,Kairouan,34,35.7976,10.126,1736266872,1736231397,19.24,1736265150,3.09
1736267736,Kairouan,42,35.7976,10.126,1736266872,1736231397,18.24,1736267736,3.09
1736264184,Beni Kheddache,54,33.1381,10.269,1736267230,1736230971,13.32,1736264184,6.26
1736265831,Aryanah,67,36.8625,10.1956,1736266691,1736231546,15.97,1736265831,7.72
1736264370,Fernana,82,36.7422,8.6626,1736267078,1736231895,8.21,1736264370,6.04
1736267775,Sbikha,72,35.9444,9.799,1736266929,1736231498,10.39,1736267775,10.17
1736266145,Carthage,67,36.8473,10.3417,1736266658,1736231508,16.02,1736266145,7.72
1736265621,Fernana,82,36.7422,8.6626,1736267078,1736231895,8.21,1736265621,6.04
1736265885,Sousse,59,35.8214,10.6344,1736266747,1736231279,17.79,1736265885,4.63
1736268364,Metlaoui,49,34.2744,8.4459,1736267504,1736231573,14.11,1736268364,2.86
1736265229,Ben Arous,67,36.7134,10.2096,1736266711,1736231519,15.9,1736265229,7.72
1736266829,Sfax,45,34.7396,10.76,1736266879,1736231086,20.08,1736266829,0.51
1736265826,Gouvernorat de Kébili,43,33.5031,8.7757,1736267536,1736231382,16.46,1736265826,4.58
1736268149,Sfax,45,34.7396,10.76,1736266879,1736231086,20.08,1736268149,0.51
1736265415,Gouvernorat de Gabès,45,33.8815,9.5608,1736267293,1736231248,16.4,1736265415,4.42
1736266745,Gouvernorat de Gabès,45,33.8815,9.5608,1736267293,1736231248,16.4,1736266745,4.42
1736266687,Bizerte,68,37.2744,9.8739,1736266703,1736231688,15.25,1736266687,11.46
1736266660,Metlaoui,45,34.2744,8.4459,1736267504,1736231573,15.5,1736266660,4.4
1736265278,Jendouba,63,36.4462,8.7927,1736267093,1736231817,14.97,1736265278,5.14
1736264947,Sbikha,67,35.9444,9.799,1736266929,1736231498,11.18,1736264947,10.23
1736267253,Bab El Jazira,77,36.8064,10.1817,1736266703,1736231540,14.99,1736267253,6.17
1736268270,Sousse,59,35.8214,10.6344,1736266747,1736231279,17.79,1736268270,3.6
1736268246,Gafsa,55,34.4311,8.7757,1736267401,1736231517,15.06,1736268246,4.63
1736267536,Aryanah,77,36.8625,10.1956,1736266691,1736231546,14.97,1736267536,6.17
1736267147,Gouvernorat de Kébili,43,33.5031,8.7757,1736267536,1736231382,16.46,1736267147,4.58
1736265775,Kairouan,34,35.6712,10.0911,1736266900,1736231387,19.01,1736265775,3.09
1736265246,Fernana,82,36.7422,8.6626,1736267078,1736231895,8.21,1736265246,6.04
1736265090,Kairouan,34,35.6712,10.0911,1736266900,1736231387,19.01,1736265090,3.09
1736266852,Jendouba,77,36.4462,8.7927,1736267093,1736231817,13.97,1736266852,2.57
1736265371,Ben Arous,67,36.7134,10.2096,1736266711,1736231519,15.9,1736265371,7.72
1736264969,Tunis,67,36.8064,10.1817,1736266703,1736231540,15.99,1736264969,7.72
1736265251,Jendouba,63,36.5123,8.7682,1736267088,1736231833,15.03,1736265251,5.14
1736267609,Gabès,63,33.8869,10.0982,1736267163,1736231120,15.99,1736267609,5.14
1736266637,Kairouan,42,35.6712,10.0911,1736266900,1736231387,18.01,1736266637,3.09
1736264386,Fernana,82,36.7422,8.6626,1736267078,1736231895,8.21,1736264386,6.04
1736268121,Bizerte,68,37.2744,9.8739,1736266703,1736231688,14.81,1736268121,10.78
1736268037,Beni Kheddache,59,33.1381,10.269,1736267230,1736230971,12.1,1736268037,5.62
1736267791,Jendouba,77,36.5123,8.7682,1736267088,1736231833,14.03,1736267791,2.57
1736265235,Mahdia,57,35.5068,11.0468,1736266696,1736231132,16.15,1736265235,1.56
1736263947,,72,-17.8061,-101.8532,1736299664,1736252372,21.27,1736263947,5.92
1736268297,Gafsa,55,34.4311,8.7757,1736267401,1736231517,15.06,1736268297,4.63
1736264936,Aryanah,67,36.8625,10.1956,1736266691,1736231546,15.97,1736264936,7.72
1736266532,Gouvernorat de Gabès,45,33.8815,9.5608,1736267293,1736231248,16.4,1736266532,4.42
1736265172,Sousse,59,35.8214,10.6344,1736266747,1736231279,17.79,1736265172,4.63
1736265128,Fernana,82,36.7422,8.6626,1736267078,1736231895,8.21,1736265128,6.04
1736265521,Sbiba,71,35.4037,9.0079,1736267201,1736231606,8.82,1736265521,9.9
1736267497,Bizerte,67,37.3426,9.8502,1736266698,1736231705,14.86,1736267497,11.27
1736267664,Aryanah,77,36.8625,10.1956,1736266691,1736231546,14.97,1736267664,6.17
1736266071,Gouvernorat de Gabès,45,33.8815,9.5608,1736267293,1736231248,16.4,1736266071,4.42
1736268286,Sfax,45,34.7396,10.76,1736266879,1736231086,20.08,1736268286,0.51
1736264357,Gouvernorat de Kébili,43,33.5031,8.7757,1736267536,1736231382,16.46,1736264357,4.58
1736266140,Fernana,82,36.7422,8.6626,1736267078,1736231895,8.21,1736266140,6.04
1736266632,Kasserine,62,35.1677,8.8315,1736267279,1736231613,11.21,1736266632,8.34
1736265426,Mahdia,57,35.5068,11.0468,1736266696,1736231132,16.15,1736265426,1.56
1736266957,Sbikha,67,35.9444,9.799,1736266929,1736231498,11.18,1736266957,10.23
1736266403,Jendouba,77,36.4462,8.7927,1736267093,1736231817,13.97,1736266403,2.57
1736267380,Gouvernorat de Kébili,43,33.5031,8.7757,1736267536,1736231382,16.46,1736267380,4.58
1736268370,Aryanah,77,36.8625,10.1956,1736266691,1736231546,14.97,1736268370,5.14
1736264941,Bizerte,88,37.2744,9.8739,1736266703,1736231688,15,1736264941,6.69
1736264958,Gafsa,51,34.4311,8.7757,1736267401,1736231517,16.06,1736264958,4.63
1736266212,Sousse,59,35.8214,10.6344,1736266747,1736231279,17.79,1736266212,4.63
1736265035,Gabès,59,33.8869,10.0982,1736267163,1736231120,16.99,1736265035,5.66
1736267925,Gouvernorat de Kébili,48,33.5031,8.7757,1736267536,1736231382,15.03,1736267925,4.28
1736267452,Mahdia,57,35.5068,11.0468,1736266696,1736231132,15.78,1736267452,5.53
1736266162,Gabès,44,33.8869,10.0982,1736267163,1736231120,17.23,1736266162,5.33
1736267375,Beni Kheddache,54,33.1381,10.269,1736267230,1736230971,13.32,1736267375,6.26
1736266353,Bizerte,68,37.2744,9.8739,1736266703,1736231688,15.25,1736266353,11.46
1736266066,Sbiba,71,35.4037,9.0079,1736267201,1736231606,8.82,1736266066,9.9
1736266223,Sbikha,67,35.9444,9.799,1736266929,1736231498,11.18,1736266223,10.23
1736268190,Sbikha,72,35.9444,9.799,1736266929,1736231498,10.39,1736268190,10.17
1736265497,Gouvernorat de Gabès,45,33.8815,9.5608,1736267293,1736231248,16.4,1736265497,4.42
1736267292,Ben Arous,77,36.7134,10.2096,1736266711,1736231519,14.9,1736267292,6.17
1736266706,Mahdia,57,35.5068,11.0468,1736266696,1736231132,16.15,1736266706,1.56
1736267919,Sbiba,78,35.4037,9.0079,1736267201,1736231606,7.23,1736267919,10.13
1736266218,Bab El Jazira,67,36.8064,10.1817,1736266703,1736231540,15.99,1736266218,7.72
1736266560,Sousse,59,35.8214,10.6344,1736266747,1736231279,17.79,1736266560,4.12
1736265735,Jendouba,63,36.5123,8.7682,1736267088,1736231833,15.03,1736265735,5.14
1736265820,Jendouba,63,36.5123,8.7682,1736267088,1736231833,15.03,1736265820,5.14
1736265382,Sousse,59,35.8214,10.6344,1736266747,1736231279,17.79,1736265382,4.63
1736267024,El Kef,75,36.1632,8.7146,1736267155,1736231792,10.35,1736267024,6.32
1736265716,Kairouan,34,35.6712,10.0911,1736266900,1736231387,19.01,1736265716,3.09
1736267469,Bab El Jazira,77,36.8064,10.1817,1736266703,1736231540,14.99,1736267469,6.17
1736268292,Kasserine,74,35.1677,8.8315,1736267279,1736231613,9.32,1736268292,7.42
1736267620,El Kef,84,36.1632,8.7146,1736267155,1736231792,8.68,1736267620,3.67
1736264985,Ben Arous,67,36.7134,10.2096,1736266711,1736231519,15.9,1736264985,7.72
1736265458,Kairouan,34,35.7976,10.126,1736266872,1736231397,19.24,1736265458,3.09
1736266762,Gabès,63,33.8869,10.0982,1736267163,1736231120,15.99,1736266762,5.14
1736265052,Kasserine,62,35.1677,8.8315,1736267279,1736231613,11.21,1736265052,8.34
1736267046,Gouvernorat de Kébili,43,33.5031,8.7757,1736267536,1736231382,16.46,1736267046,4.58
1736265959,Beni Kheddache,54,33.1381,10.269,1736267230,1736230971,13.32,1736265959,6.26
1736266751,Jendouba,77,36.4462,8.7927,1736267093,1736231817,13.97,1736266751,2.57
1736265074,Fernana,82,36.7422,8.6626,1736267078,1736231895,8.21,1736265074,6.04
1736265486,Gouvernorat de Kébili,43,33.5031,8.7757,1736267536,1736231382,16.46,1736265486,4.58
1736266325,Sbiba,71,35.4037,9.0079,1736267201,1736231606,8.82,1736266325,9.9
1736268015,Aryanah,77,36.8625,10.1956,1736266691,1736231546,14.97,1736268015,6.17
1736267069,Jendouba,77,36.5123,8.7682,1736267088,1736231833,14.03,1736267069,2.57
1736266643,Sbikha,67,35.9444,9.799,1736266929,1736231498,11.18,1736266643,10.23
1736265837,Kasserine,62,35.1677,8.8315,1736267279,1736231613,11.21,1736265837,8.34
1736265409,Jendouba,63,36.5123,8.7682,1736267088,1736231833,15.03,1736265409,5.14
1736265437,Gouvernorat de Kébili,43,33.5031,8.7757,1736267536,1736231382,16.46,1736265437,4.58
1736267813,Carthage,77,36.8473,10.3417,1736266658,1736231508,15.02,1736267813,6.17
1736267124,Ben Arous,77,36.7134,10.2096,1736266711,1736231519,14.9,1736267124,6.17
1736266946,Sfax,45,34.7396,10.76,1736266879,1736231086,20.08,1736266946,0.51
1736266880,Sousse,59,35.8214,10.6344,1736266747,1736231279,17.79,1736266880,4.12
1736265262,El Kef,75,36.1632,8.7146,1736267155,1736231792,10.35,1736265262,6.32
1736266386,Ben Arous,77,36.7134,10.2096,1736266711,1736231519,14.9,1736266386,6.17
1736265179,Bab El Jazira,67,36.8064,10.1817,1736266703,1736231540,15.99,1736265179,7.72
1736265344,Beni Kheddache,54,33.1381,10.269,1736267230,1736230971,13.32,1736265344,6.26
1736266111,Carthage,67,36.8473,10.3417,1736266658,1736231508,16.02,1736266111,7.72
1736267953,Kairouan,42,35.7976,10.126,1736266872,1736231397,18.24,1736267953,3.09
1736268104,Kairouan,42,35.7976,10.126,1736266872,1736231397,18.24,1736268104,3.09
1736265976,Sfax,42,34.7396,10.76,1736266879,1736231086,20.08,1736265976,2.57
1736268132,Jendouba,77,36.4462,8.7927,1736267093,1736231817,13.97,1736268132,2.57
1736265338,Aryanah,67,36.8625,10.1956,1736266691,1736231546,15.97,1736265338,7.72
1736265191,Mahdia,57,35.5068,11.0468,1736266696,1736231132,16.15,1736265191,1.56
1736265134,Sfax,42,34.7396,10.76,1736266879,1736231086,20.08,1736265134,2.57
1736264403,Beni Kheddache,54,33.1381,10.269,1736267230,1736230971,13.32,1736264403,6.26
1736266151,Sbikha,67,35.9444,9.799,1736266929,1736231498,11.18,1736266151,10.23
1736267164,Fernana,82,36.7422,8.6626,1736267078,1736231895,8.21,1736267164,6.04
1736268359,Sbikha,72,35.9444,9.799,1736266929,1736231498,10.39,1736268359,10.17
1736264952,Gouvernorat de Gabès,45,33.8815,9.5608,1736267293,1736231248,16.4,1736264952,4.42
1736267197,Kairouan,42,35.6712,10.0911,1736266900,1736231387,18.01,1736267197,3.09
1736267869,Bab El Jazira,77,36.8064,10.1817,1736266703,1736231540,14.99,1736267869,6.17
1736264275,Fernana,82,36.7422,8.6626,1736267078,1736231895,8.21,1736264275,6.04
1736267193,Bizerte,68,37.2744,9.8739,1736266703,1736231688,15.25,1736267193,11.46
1736264974,Mahdia,57,35.5068,11.0468,1736266696,1736231132,16.15,1736264974,1.56
1736265683,Kasserine,62,35.1677,8.8315,1736267279,1736231613,11.21,1736265683,8.34
1736267670,Kasserine,74,35.1677,8.8315,1736267279,1736231613,9.32,1736267670,7.42
1736268166,Kairouan,42,35.6712,10.0911,1736266900,1736231387,18.01,1736268166,3.09
1736264980,Aryanah,67,36.8625,10.1956,1736266691,1736231546,15.97,1736264980,7.72
1736264990,El Kef,75,36.1632,8.7146,1736267155,1736231792,10.35,1736264990,6.32
1736267029,Sbiba,71,35.4037,9.0079,1736267201,1736231606,8.82,1736267029,9.9
1736267231,Gabès,63,33.8869,10.0982,1736267163,1736231120,15.99,1736267231,5.14
1736268241,Kairouan,42,35.7976,10.126,1736266872,1736231397,18.24,1736268241,3.09
1736267731,Kasserine,74,35.1677,8.8315,1736267279,1736231613,9.32,1736267731,7.42
1736266493,Ben Arous,77,36.7134,10.2096,1736266711,1736231519,14.9,1736266493,6.17
1736267886,El Kef,84,36.1632,8.7146,1736267155,1736231792,8.68,1736267886,3.67
1736264408,Sfax,42,34.7396,10.76,1736266879,1736231086,20.08,1736264408,2.57
1736265705,Gafsa,51,34.4311,8.7757,1736267401,1736231517,16.06,1736265705,4.63
1736267769,El Kef,84,36.1632,8.7146,1736267155,1736231792,8.68,1736267769,3.67
1736267363,Sfax,45,34.7396,10.76,1736266879,1736231086,20.08,1736267363,0.51
1736265420,Sbiba,71,35.4037,9.0079,1736267201,1736231606,8.82,1736265420,9.9
1736265627,Bizerte,88,37.2744,9.8739,1736266703,1736231688,15,1736265627,6.69
1736267852,Bizerte,68,37.2744,9.8739,1736266703,1736231688,14.81,1736267852,10.78
1736267441,Bizerte,67,37.3426,9.8502,1736266698,1736231705,14.86,1736267441,11.27
1736267358,Gouvernorat de Gabès,45,33.8815,9.5608,1736267293,1736231248,16.4,1736267358,4.42
1736266940,Gouvernorat de Gabès,45,33.8815,9.5608,1736267293,1736231248,16.4,1736266940,4.42
1736267386,Jendouba,77,36.5123,8.7682,1736267088,1736231833,14.03,1736267386,2.57
1736266504,Carthage,77,36.8473,10.3417,1736266658,1736231508,15.02,1736266504,6.17
1736265218,Gouvernorat de Kébili,43,33.5031,8.7757,1736267536,1736231382,16.46,1736265218,4.58
1736267130,Jendouba,77,36.4462,8.7927,1736267093,1736231817,13.97,1736267130,2.57
1736266779,Gouvernorat de Gabès,45,33.8815,9.5608,1736267293,1736231248,16.4,1736266779,4.42
1736265007,Bizerte,88,37.2744,9.8739,1736266703,1736231688,15,1736265007,6.69
1736267947,El Kef,84,36.1632,8.7146,1736267155,1736231792,8.68,1736267947,3.67
1736265464,Sfax,42,34.7396,10.76,1736266879,1736231086,20.08,1736265464,2.57
1736266303,Bizerte,69,37.3426,9.8502,1736266698,1736231705,15.28,1736266303,11.9
1736267203,Beni Kheddache,54,33.1381,10.269,1736267230,1736230971,13.32,1736267203,6.26
1736265758,Mahdia,57,35.5068,11.0468,1736266696,1736231132,16.15,1736265758,1.56
1736266694,Gafsa,55,34.4311,8.7757,1736267401,1736231517,15.06,1736266694,4.63
1736266246,Jendouba,76,36.4462,8.7927,1736267093,1736231817,12.49,1736266246,5.82
1736266032,Metlaoui,45,34.2744,8.4459,1736267504,1736231573,15.5,1736266032,4.4
1736264336,Carthage,63,36.8473,10.3417,1736266658,1736231508,17.02,1736264336,7.72
1736265987,Kairouan,34,35.6712,10.0911,1736266900,1736231387,19.01,1736265987,3.09
1736266626,Gabès,63,33.8869,10.0982,1736267163,1736231120,15.99,1736266626,5.14
1736268398,Fernana,84,36.7422,8.6626,1736267078,1736231895,7.04,1736268398,4.86
1736265661,Jendouba,63,36.4462,8.7927,1736267093,1736231817,14.97,1736265661,5.14
1736264963,Sbikha,67,35.9444,9.799,1736266929,1736231498,11.18,1736264963,10.23
1736268087,Gabès,63,33.8869,10.0982,1736267163,1736231120,15.99,1736268087,5.14
1736266257,Kairouan,54,35.6712,10.0911,1736266900,1736231387,16.02,1736266257,9.48
1736267780,Sbiba,78,35.4037,9.0079,1736267201,1736231606,7.23,1736267780,10.13
1736267858,Sfax,45,34.7396,10.76,1736266879,1736231086,20.08,1736267858,0.51
1736265937,Aryanah,67,36.8625,10.1956,1736266691,1736231546,15.97,1736265937,7.72
1736264397,Sbiba,71,35.4037,9.0079,1736267201,1736231606,8.82,1736264397,9.9
1736265013,Kasserine,62,35.1677,8.8315,1736267279,1736231613,11.21,1736265013,8.34
1736265804,Gouvernorat de Gabès,45,33.8815,9.5608,1736267293,1736231248,16.4,1736265804,4.42
1736268155,Beni Kheddache,59,33.1381,10.269,1736267230,1736230971,12.1,1736268155,5.62
1736267158,Kairouan,42,35.6712,10.0911,1736266900,1736231387,18.01,1736267158,3.09
1736268218,Sbiba,78,35.4037,9.0079,1736267201,1736231606,7.23,1736268218,10.13
1736265057,Carthage,67,36.8473,10.3417,1736266658,1736231508,16.02,1736265057,7.72
1736266823,El Kef,75,36.1632,8.7146,1736267155,1736231792,10.35,1736266823,6.32
1736265447,Kairouan,34,35.7976,10.126,1736266872,1736231397,19.24,1736265447,3.09
1736265101,Beni Kheddache,54,33.1381,10.269,1736267230,1736230971,13.32,1736265101,6.26
1736267225,Sfax,45,34.7396,10.76,1736266879,1736231086,20.08,1736267225,0.51
1736267808,Sbiba,78,35.4037,9.0079,1736267201,1736231606,7.23,1736267808,10.13
1736266270,Aryanah,67,36.8625,10.1956,1736266691,1736231546,15.97,1736266270,7.72
1736264375,Kairouan,34,35.7976,10.126,1736266872,1736231397,19.24,1736264375,3.09
1736267564,Fernana,84,36.7422,8.6626,1736267078,1736231895,7.04,1736267564,4.86
1736267753,Gouvernorat de Kébili,48,33.5031,8.7757,1736267536,1736231382,15.03,1736267753,4.28
1736266336,Gouvernorat de Kébili,43,33.5031,8.7757,1736267536,1736231382,16.46,1736266336,4.58
1736266179,Fernana,82,36.7422,8.6626,1736267078,1736231895,8.21,1736266179,6.04
1736268195,Gouvernorat de Kébili,48,33.5031,8.7757,1736267536,1736231382,15.03,1736268195,4.28
1736268098,Gouvernorat de Gabès,48,33.8815,9.5608,1736267293,1736231248,15.22,1736268098,4.29
1736266717,Ben Arous,77,36.7134,10.2096,1736266711,1736231519,14.9,1736266717,6.17
1736267598,Gouvernorat de Kébili,48,33.5031,8.7757,1736267536,1736231382,15.03,1736267598,4.28
1736264214,Beni Kheddache,54,33.1381,10.269,1736267230,1736230971,13.32,1736264214,6.26
1736268161,Jendouba,77,36.5123,8.7682,1736267088,1736231833,14.03,1736268161,2.57
1736267086,Mahdia,57,35.5068,11.0468,1736266696,1736231132,16.15,1736267086,1.56
1736267120,Sfax,45,34.741,10.7648,1736266878,1736231085,20.11,1736267120,0.51
1736266252,Fernana,82,36.7422,8.6626,1736267078,1736231895,8.21,1736266252,6.04
1736265964,Aryanah,67,36.8625,10.1956,1736266691,1736231546,15.97,1736265964,7.72
1736266648,Metlaoui,45,34.2744,8.4459,1736267504,1736231573,15.5,1736266648,4.4
1736267286,Kairouan,42,35.7976,10.126,1736266872,1736231397,18.24,1736267286,3.09
1736267013,Kairouan,42,35.6712,10.0911,1736266900,1736231387,18.01,1736267013,3.09
1736265764,Sousse,59,35.8214,10.6344,1736266747,1736231279,17.79,1736265764,4.63
1736267519,Bizerte,67,37.3426,9.8502,1736266698,1736231705,14.86,1736267519,11.27
1736267708,Carthage,77,36.8473,10.3417,1736266658,1736231508,15.02,1736267708,6.17
1736268224,Sbikha,72,35.9444,9.799,1736266929,1736231498,10.39,1736268224,10.17
1736266088,Metlaoui,45,34.2744,8.4459,1736267504,1736231573,15.5,1736266088,4.4
1736266062,Sfax,47,34.7406,10.7603,1736266879,1736231086,17.45,1736266062,2.97
1736265953,Gafsa,51,34.4311,8.7757,1736267401,1736231517,16.06,1736265953,4.63
1736265781,Bab El Jazira,67,36.8064,10.1817,1736266703,1736231540,15.99,1736265781,7.72
1736265349,Sbiba,71,35.4037,9.0079,1736267201,1736231606,8.82,1736265349,9.9
1736266671,Kasserine,62,35.1677,8.8315,1736267279,1736231613,11.21,1736266671,8.34
1736267242,Bab El Jazira,77,36.8064,10.1817,1736266703,1736231540,14.99,1736267242,6.17
1736264341,Beni Kheddache,54,33.1381,10.269,1736267230,1736230971,13.32,1736264341,6.26
1736266240,Aryanah,67,36.8625,10.1956,1736266691,1736231546,15.97,1736266240,7.72
1736267091,Metlaoui,45,34.2744,8.4459,1736267504,1736231573,15.5,1736267091,4.4
1736267319,Carthage,77,36.8473,10.3417,1736266658,1736231508,15.02,1736267319,6.17
1736266615,Carthage,77,36.8473,10.3417,1736266658,1736231508,15.02,1736266615,6.17
1736266454,Gouvernorat de Kébili,43,33.5031,8.7757,1736267536,1736231382,16.46,1736266454,4.58
1736265610,Gafsa,51,34.4311,8.7757,1736267401,1736231517,16.06,1736265610,4.63
1736265874,Jendouba,63,36.5123,8.7682,1736267088,1736231833,15.03,1736265874,5.14
1736266060,Sbiba,71,35.4037,9.0079,1736267201,1736231606,8.82,1736266060,9.9
1736265202,Sousse,59,35.8214,10.6344,1736266747,1736231279,17.79,1736265202,4.63
1736268093,Mahdia,57,35.5068,11.0468,1736266696,1736231132,15.78,1736268093,5.53
1736267413,Gafsa,55,34.4311,8.7757,1736267401,1736231517,15.06,1736267413,4.63
1736265453,Gouvernorat de Gabès,45,33.8815,9.5608,1736267293,1736231248,16.4,1736265453,4.42
1736268336,Kairouan,42,35.6712,10.0911,1736266900,1736231387,18.01,1736268336,3.09
1736265289,Sfax,42,34.7396,10.76,1736266879,1736231086,20.08,1736265289,2.57
1736267113,Fernana,82,36.7422,8.6626,1736267078,1736231895,8.21,1736267113,6.04
1736266907,Gafsa,55,34.4311,8.7757,1736267401,1736231517,15.06,1736266907,4.63
1736265752,El Kef,75,36.1632,8.7146,1736267155,1736231792,10.35,1736265752,6.32
1736266381,Jendouba,77,36.5123,8.7682,1736267088,1736231833,14.03,1736266381,2.57
1736266190,Sousse,59,35.8214,10.6344,1736266747,1736231279,17.79,1736266190,4.63
1736265638,Beni Kheddache,54,33.1381,10.269,1736267230,1736230971,13.32,1736265638,6.26
1736265311,Sbiba,71,35.4037,9.0079,1736267201,1736231606,8.82,1736265311,9.9
1736264931,Bizerte,88,37.3426,9.8502,1736266698,1736231705,15.03,1736264931,6.69
1736266902,Kasserine,62,35.1677,8.8315,1736267279,1736231613,11.21,1736266902,8.34
1736265388,Kasserine,62,35.1677,8.8315,1736267279,1736231613,11.21,1736265388,8.34
1736267575,Sbikha,72,35.9444,9.799,1736266929,1736231498,10.39,1736267575,10.17
1736266874,Beni Kheddache,54,33.1381,10.269,1736267230,1736230971,13.32,1736266874,6.26
1736265914,Kairouan,34,35.7976,10.126,1736266872,1736231397,19.24,1736265914,3.09
1736266537,Gouvernorat de Kébili,43,33.5031,8.7757,1736267536,1736231382,16.46,1736266537,4.58
1736267981,Gabès,63,33.8869,10.0982,1736267163,1736231120,15.99,1736267981,5.14
1736265257,Ben Arous,67,36.7134,10.2096,1736266711,1736231519,15.9,1736265257,7.72
1736265981,El Kef,75,36.1632,8.7146,1736267155,1736231792,10.35,1736265981,6.32
1736267987,Metlaoui,49,34.2744,8.4459,1736267504,1736231573,14.11,1736267987,2.86
1736267007,Sbiba,71,35.4037,9.0079,1736267201,1736231606,8.82,1736267007,9.9
1736265001,Kairouan,34,35.7976,10.126,1736266872,1736231397,19.24,1736265001,3.09
1736266565,El Kef,75,36.1632,8.7146,1736267155,1736231792,10.35,1736266565,6.32
1736267119,Beni Kheddache,54,33.1381,10.269,1736267230,1736230971,13.32,1736267119,6.26
1736268433,Bizerte,68,37.2744,9.8739,1736266703,1736231688,14.81,1736268433,10.78
1736266654,Beni Kheddache,54,33.1381,10.269,1736267230,1736230971,13.32,1736266654,6.26
1736267141,Aryanah,77,36.8625,10.1956,1736266691,1736231546,14.97,1736267141,6.17
1736264925,Gabès,59,33.8869,10.0982,1736267163,1736231120,16.99,1736264925,5.66
1736267891,Sousse,59,35.8214,10.6344,1736266747,1736231279,17.79,1736267891,4.12
1736265509,Gabès,59,33.8869,10.0982,1736267163,1736231120,16.99,1736265509,5.66
1736267463,Metlaoui,49,34.2744,8.4459,1736267504,1736231573,14.11,1736267463,2.86
1736266038,Kasserine,62,35.1677,8.8315,1736267279,1736231613,11.21,1736266038,8.34
1736268444,Fernana,84,36.7422,8.6626,1736267078,1736231895,7.04,1736268444,4.86
1736267642,Sbiba,78,35.4037,9.0079,1736267201,1736231606,7.23,1736267642,10.13
1736265197,Bizerte,88,37.3426,9.8502,1736266698,1736231705,15.03,1736265197,6.69
1736265068,Gafsa,51,34.4311,8.7757,1736267401,1736231517,16.06,1736265068,4.63
1736265333,Jendouba,63,36.5123,8.7682,1736267088,1736231833,15.03,1736265333,5.14
1736265306,Bizerte,88,37.2744,9.8739,1736266703,1736231688,15,1736265306,6.69
1736265566,Bab El Jazira,67,36.8064,10.1817,1736266703,1736231540,15.99,1736265566,7.72
1736264381,Bab El Jazira,63,36.8064,10.1817,1736266703,1736231540,16.99,1736264381,7.72
1736267970,Fernana,84,36.7422,8.6626,1736267078,1736231895,7.04,1736267970,4.86
1736268438,Mahdia,57,35.5068,11.0468,1736266696,1736231132,15.78,1736268438,5.53
1736266375,El Kef,75,36.1632,8.7146,1736267155,1736231792,10.35,1736266375,6.32
1736266105,Ben Arous,67,36.7134,10.2096,1736266711,1736231519,15.9,1736266105,7.72
1736265185,Carthage,67,36.8473,10.3417,1736266658,1736231508,16.02,1736265185,7.72
1736266935,Kairouan,42,35.7976,10.126,1736266872,1736231397,18.24,1736266935,3.09
1736267547,Metlaoui,49,34.2744,8.4459,1736267504,1736231573,14.11,1736267547,2.86
1736266952,Fernana,82,36.7422,8.6626,1736267078,1736231895,8.21,1736266952,6.04
1736266863,Fernana,82,36.7422,8.6626,1736267078,1736231895,8.21,1736266863,6.04
1736266543,Bizerte,69,37.3426,9.8502,1736266698,1736231705,15.28,1736266543,11.9
1736266593,Bab El Jazira,77,36.8064,10.1817,1736266703,1736231540,14.99,1736266593,6.17
1736265868,Fernana,82,36.7422,8.6626,1736267078,1736231895,8.21,1736265868,6.04
1736265107,Metlaoui,45,34.2744,8.4459,1736267504,1736231573,15.5,1736265107,4.4
1736267903,Aryanah,77,36.8625,10.1956,1736266691,1736231546,14.97,1736267903,6.17
1736267214,Sbikha,67,35.9444,9.799,1736266929,1736231498,11.18,1736267214,10.23
1736267297,Gafsa,55,34.4311,8.7757,1736267401,1736231517,15.06,1736267297,4.63
1736265770,Bizerte,88,37.2744,9.8739,1736266703,1736231688,15,1736265770,6.69
1736267040,Sbikha,67,35.9444,9.799,1736266929,1736231498,11.18,1736267040,10.23
